BIRD,TTE,T0,SSN,Month
gps 9794,1,1989-10-23,193,10
gps 5118,1,1987-12-03,17,12
gps 5118,1,1987-10-27,73,10
goes 4,1,1981-04-20,287,4
goes 4,1,1981-04-19,292,4
goes 5,1,1981-11-22,99,11
gps 9794,1,1989-10-24,174,10
gps 9794,1,1990-04-16,230,4
goes 5,1,1981-09-11,240,9
goes 5,1,1981-10-10,192,10
gps 5114,1,1985-02-15,14,2
goes 5,1,1981-10-11,174,10
gps 5113,1,1986-03-17,0,3
gps 9794,1,1985-04-28,34,4
gps 5118,1,1989-10-19,212,10
gps 5118,1,1990-02-04,149,2
goes 5,1,1983-08-25,70,8
gps 5118,1,1987-04-10,89,4
gps 9794,1,1987-04-16,70,4
goes 5,1,1983-03-22,93,3
goes 5,1,1984-04-02,122,4
gps 9794,1,1987-01-28,19,1
goes 5,1,1982-02-04,312,2
meteosat 1,1,1978-08-29,84,8
gps 5114,1,1987-01-29,14,1
gps 5113,1,1989-07-12,158,7
gps 5113,1,1986-01-29,0,1
gps 9794,1,1987-10-21,64,10
gps 5113,1,1989-10-21,202,10
gps 5113,1,1989-10-20,186,10
gps 9794,1,1986-09-24,0,9
goes 5,1,1983-03-23,88,3
gps 9794,1,1987-01-12,0,1
meteosat 1,1,1978-08-30,102,8
meteosat 1,1,1978-12-26,132,12
gps 5113,1,1990-07-04,308,7
meteosat 1,1,1978-09-13,130,9
meteosat 1,1,1978-09-30,133,9
gps 5113,1,1987-04-18,42,4
gps 5113,1,1987-05-07,40,5
marecs a,1,1982-02-13,229,2
gps 5113,1,1986-02-14,19,2
marecs a,1,1982-02-24,169,2
meteosat 1,1,1978-05-03,132,5
meteosat 1,1,1978-05-10,85,5
goes 6,1,1989-10-25,161,10
marecs a,1,1982-02-01,364,2
gps 9794,1,1985-07-16,12,7
gps 5113,1,1987-05-17,81,5
goes 6,1,1987-10-27,73,10
marecs a,1,1982-02-10,256,2
marecs a,1,1982-02-04,312,2
gps 9794,1,1986-02-27,18,2
gps 9794,1,1986-01-28,0,1
gps 5113,1,1987-11-20,60,11
gps 5113,1,1987-10-01,36,10
goes 6,1,1989-08-28,69,8
gps 5118,1,1986-06-14,0,6
gps 5118,1,1986-02-08,65,2
gps 5113,1,1987-12-12,14,12
noaa 11,1,1990-07-19,78,7
gps 5114,1,1986-06-10,4,6
goes 6,1,1989-10-19,212,10
noaa 11,1,1990-07-30,150,7
meteosat 1,1,1978-03-31,82,3
meteosat 1,1,1978-05-05,126,5
meteosat 1,1,1978-05-04,130,5
meteosat 1,1,1978-06-21,218,6
marecs a,1,1982-02-19,151,2
marecs a,1,1982-02-18,145,2
meteosat 2,1,1984-10-21,20,10
meteosat 2,1,1985-04-28,34,4
gps 5113,1,1987-05-08,30,5
gps 9794,1,1986-09-14,0,9
gps 5113,1,1986-08-02,15,8
gps 5113,1,1986-09-07,17,9
gps 5113,1,1986-09-08,16,9
gps 5113,1,1987-01-04,11,1
gps 5118,1,1987-12-04,16,12
goes 5,1,1982-04-27,176,4
gps 5118,1,1987-12-07,37,12
gps 5113,1,1989-10-25,161,10
gps 5113,1,1989-10-24,174,10
gps 5113,1,1989-10-23,193,10
gps 5113,1,1989-10-22,210,10
gps 5118,1,1987-05-30,18,5
goes 5,1,1982-10-02,232,10
goes 5,1,1983-02-07,103,2
goes 4,1,1981-04-13,284,4
gps 9794,1,1989-08-15,279,8
gps 5118,1,1985-05-04,21,5
gps 5113,1,1987-01-29,14,1
gps 9794,1,1989-10-19,212,10
goes 5,1,1981-08-28,327,8
meteosat 1,1,1978-03-28,69,3
gps 5118,1,1987-12-08,39,12
meteosat 1,1,1978-03-18,105,3
meteosat 1,1,1978-03-17,105,3
gps 5114,1,1985-06-12,63,6
meteosat 1,1,1978-01-14,52,1
meteosat 1,1,1978-06-24,218,6
gps 5114,1,1985-06-27,9,6
gps 5113,1,1985-07-09,107,7
meteosat 2,1,1982-09-22,134,9
meteosat 1,1,1977-12-13,62,12
gps 5113,1,1986-08-01,16,8
marecs a,1,1986-08-22,16,8
marecs a,1,1986-08-21,16,8
marecs a,1,1986-05-06,0,5
gps 5113,1,1985-06-13,53,6
gps 5114,1,1987-09-28,27,9
gps 5114,1,1987-02-03,0,2
marecs a,1,1986-05-05,12,5
marecs a,1,1986-03-26,9,3
marecs a,1,1986-10-18,25,10
marecs a,1,1986-10-02,16,10
noaa 11,1,1990-08-12,210,8
meteosat 1,1,1978-03-19,92,3
gps 5114,1,1987-05-07,40,5
marecs a,1,1986-07-29,17,7
marecs a,1,1986-08-29,12,8
marecs a,1,1986-08-23,18,8
meteosat 2,1,1984-07-16,37,7
meteosat 2,1,1984-09-24,12,9
gps 5113,2,1985-07-21,13,7
gps 5113,2,1985-07-10,107,7
gps 5113,2,1989-07-31,188,7
gps 5118,2,1986-11-12,0,11
marecs a,2,1982-02-25,181,2
marecs a,2,1986-02-22,12,2
meteosat 1,2,1978-04-01,99,4
meteosat 1,2,1978-03-29,68,3
meteosat 1,2,1978-05-01,120,5
meteosat 1,2,1978-05-24,116,5
meteosat 1,2,1978-06-10,41,6
meteosat 1,2,1978-06-05,72,6
gps 5113,2,1987-04-16,70,4
goes 6,2,1989-10-23,193,10
meteosat 2,2,1985-07-05,49,7
gps 5113,2,1987-04-28,16,4
marecs a,2,1986-03-07,35,3
marecs a,2,1982-02-11,223,2
meteosat 1,2,1978-06-22,224,6
gps 9794,2,1985-07-14,12,7
gps 5113,2,1987-12-13,22,12
goes 6,2,1987-09-12,55,9
gps 5113,2,1987-06-06,0,6
gps 5118,2,1986-08-03,15,8
noaa 11,2,1990-07-28,211,7
gps 5114,2,1986-10-07,31,10
gps 5114,2,1986-11-24,12,11
noaa 11,2,1989-03-14,235,3
goes 6,2,1987-09-14,25,9
marecs a,2,1982-02-02,340,2
gps 5114,2,1986-10-05,27,10
goes 6,2,1987-09-16,30,9
meteosat 1,2,1978-09-03,225,9
gps 5113,2,1990-03-03,223,3
gps 9794,2,1986-06-17,0,6
gps 5114,2,1986-11-26,0,11
goes 5,2,1983-04-10,87,4
gps 9794,2,1987-04-03,12,4
gps 9794,2,1987-05-18,64,5
gps 5113,2,1988-01-22,79,1
gps 5113,2,1989-06-05,248,6
gps 5118,2,1986-12-29,0,12
gps 5118,2,1987-05-12,27,5
gps 5118,2,1986-12-31,9,12
goes 4,2,1981-04-17,307,4
goes 4,2,1981-04-24,133,4
gps 5118,2,1987-10-25,30,10
gps 9794,2,1985-06-25,14,6
gps 5118,2,1989-07-31,188,7
gps 5114,2,1985-01-04,0,1
gps 9794,2,1985-06-23,14,6
gps 9794,2,1987-04-28,16,4
gps 5118,2,1986-11-14,12,11
gps 9794,2,1987-05-16,59,5
gps 5114,2,1987-10-05,56,10
gps 5114,2,1987-04-22,30,4
meteosat 1,2,1978-03-20,84,3
gps 5114,2,1987-04-20,14,4
noaa 11,2,1990-08-13,242,8
marecs a,2,1986-10-03,26,10
marecs a,2,1982-02-22,141,2
marecs a,2,1986-09-25,0,9
marecs a,2,1982-02-20,168,2
meteosat 2,2,1984-09-25,10,9
marecs a,2,1986-09-23,0,9
marecs a,2,1986-09-30,12,9
noaa 11,2,1990-08-10,201,8
marecs a,2,1986-07-27,12,7
goes 4,2,1982-04-23,193,4
marecs a,2,1989-03-29,123,3
meteosat 1,2,1978-01-04,146,1
gps 5118,2,1990-02-19,141,2
gps 5118,2,1984-12-23,13,12
meteosat 1,2,1978-03-02,130,3
gps 5113,2,1985-06-14,42,6
gps 5118,2,1985-06-12,63,6
meteosat 2,2,1982-09-23,137,9
meteosat 2,2,1983-08-23,68,8
meteosat 2,2,1984-04-01,134,4
gps 5114,2,1987-10-31,65,10
goes 5,2,1982-04-25,208,4
gps 5118,2,1987-12-05,20,12
gps 9794,2,1989-06-28,271,6
gps 5118,2,1987-05-22,45,5
gps 9794,2,1987-12-08,39,12
meteosat 2,2,1985-09-15,10,9
meteosat 2,2,1985-08-31,8,8
meteosat 2,2,1985-08-14,0,8
gps 9794,3,1989-11-12,238,11
meteosat 2,3,1986-08-29,12,8
gps 9794,3,1987-12-27,31,12
gps 9794,3,1987-12-30,45,12
gps 5118,3,1988-01-31,68,1
goes 4,3,1982-10-30,136,10
goes 5,3,1981-08-20,287,8
gps 9794,3,1990-04-13,166,4
gps 5113,3,1987-01-30,13,1
meteosat 1,3,1978-02-27,120,2
gps 5114,3,1985-06-17,27,6
gps 5114,3,1987-10-07,41,10
noaa 11,3,1990-08-07,151,8
marecs a,3,1986-10-15,0,10
marecs a,3,1986-10-24,86,10
marecs a,3,1986-03-09,20,3
marecs a,3,1986-05-02,31,5
marecs a,3,1986-09-12,0,9
marecs a,3,1986-09-27,0,9
noaa 11,3,1990-08-24,347,8
gps 5113,3,1985-01-30,0,1
gps 5113,3,1985-02-12,13,2
meteosat 2,3,1984-09-27,0,9
marecs a,3,1982-02-27,217,2
marecs a,3,1986-02-24,10,2
meteosat 1,3,1978-05-11,89,5
meteosat 1,3,1978-06-07,55,6
gps 9794,3,1986-06-28,0,6
gps 9794,3,1986-07-22,22,7
gps 5113,3,1987-03-21,18,3
gps 5113,3,1987-04-06,55,4
gps 5113,3,1987-04-25,29,4
gps 5113,3,1987-05-09,27,5
meteosat 2,3,1984-11-13,19,11
goes 6,3,1992-06-25,97,6
goes 6,3,1989-10-20,186,10
gps 9794,3,1986-06-14,0,6
gps 9794,3,1986-09-25,0,9
gps 9794,3,1987-03-18,25,3
meteosat 1,3,1978-07-05,76,7
meteosat 1,3,1978-08-31,142,8
meteosat 1,3,1978-09-27,201,9
gps 5113,3,1986-01-30,11,1
gps 5118,3,1986-08-13,0,8
gps 5118,3,1986-10-21,53,10
gps 9794,3,1986-09-21,0,9
goes 5,3,1983-04-04,72,4
goes 5,3,1983-04-07,87,4
goes 5,3,1983-04-12,88,4
goes 5,3,1984-03-30,150,3
gps 5118,3,1987-04-11,93,4
gps 5118,3,1987-04-14,89,4
gps 5118,3,1987-05-14,15,5
meteosat 2,3,1982-04-11,212,4
goes 5,3,1981-11-19,122,11
goes 4,3,1981-04-14,259,4
goes 4,3,1981-04-21,222,4
goes 4,3,1982-09-27,187,9
gps 5118,3,1987-10-02,26,10
gps 5118,3,1987-10-22,52,10
goes 5,3,1982-04-03,211,4
goes 4,3,1981-03-29,232,3
gps 9794,3,1989-10-20,186,10
goes 4,4,1982-03-21,220,3
goes 4,4,1982-01-31,319,1
gps 9794,4,1985-07-04,42,7
gps 5113,4,1985-07-23,23,7
meteosat 1,4,1978-05-06,120,5
gps 5118,4,1984-12-13,32,12
meteosat 1,4,1978-06-17,146,6
gps 5118,4,1985-04-30,33,4
meteosat 1,4,1978-01-10,22,1
gps 5114,4,1985-06-13,53,6
gps 5118,4,1985-05-29,12,5
meteosat 2,4,1983-03-08,91,3
gps 5113,4,1990-03-05,134,3
meteosat 2,4,1984-04-28,162,4
marecs a,4,1982-02-14,200,2
gps 9794,4,1986-08-31,12,8
marecs a,4,1986-03-22,9,3
marecs a,4,1986-03-03,31,3
marecs a,4,1986-02-27,18,2
marecs a,4,1986-02-08,65,2
meteosat 2,4,1984-06-20,75,6
meteosat 2,4,1984-09-30,12,9
gps 5113,4,1985-01-19,29,1
marecs a,4,1986-09-19,0,9
noaa 11,4,1990-08-15,288,8
meteosat 2,4,1984-04-03,114,4
gps 5114,4,1987-06-22,41,6
gps 5114,4,1987-05-03,32,5
marecs a,4,1986-09-15,0,9
gps 5118,4,1985-02-06,21,2
marecs a,4,1986-11-25,0,11
meteosat 1,4,1978-01-06,112,1
gps 5113,4,1987-06-02,12,6
gps 5118,4,1986-01-28,0,1
goes 6,4,1987-10-28,83,10
gps 5118,4,1986-11-08,15,11
meteosat 2,4,1986-09-30,12,9
noaa 11,4,1989-09-27,129,9
gps 5118,4,1986-06-10,4,6
goes 5,4,1982-10-03,203,10
gps 5113,4,1988-01-18,81,1
gps 9794,4,1987-04-17,48,4
gps 5118,4,1987-01-28,19,1
gps 5118,4,1987-02-01,0,2
gps 9794,4,1989-06-24,312,6
goes 4,4,1982-09-23,137,9
meteosat 2,4,1985-08-10,11,8
gps 5114,4,1987-01-30,13,1
gps 5114,4,1986-10-01,14,10
meteosat 2,4,1985-06-04,30,6
meteosat 2,4,1985-04-29,33,4
meteosat 2,4,1985-04-24,38,4
gps 5114,4,1986-01-29,0,1
gps 9794,4,1986-06-24,0,6
gps 9794,4,1986-07-18,14,7
meteosat 2,4,1984-10-04,12,10
gps 5113,4,1987-04-02,14,4
gps 5118,5,1985-06-07,44,6
gps 5113,5,1985-06-16,32,6
gps 5118,5,1985-06-02,0,6
meteosat 1,5,1978-08-07,82,8
gps 5113,5,1990-03-09,97,3
meteosat 1,5,1978-06-12,88,6
meteosat 2,5,1982-09-25,166,9
gps 9794,5,1986-08-19,0,8
gps 5113,5,1985-01-14,28,1
gps 5113,5,1985-02-07,9,2
gps 5113,5,1985-02-02,29,2
marecs a,5,1986-08-24,12,8
meteosat 2,5,1984-05-23,105,5
noaa 11,5,1990-08-19,365,8
marecs a,5,1986-08-30,12,8
gps 5113,5,1986-11-11,9,11
marecs a,5,1986-10-19,35,10
gps 5113,5,1986-06-27,0,6
gps 5118,5,1985-02-10,25,2
gps 5113,5,1986-09-21,0,9
gps 5113,5,1990-01-29,237,1
goes 5,5,1981-08-23,306,8
gps 9794,5,1990-08-01,184,8
gps 5113,5,1990-04-19,288,4
meteosat 1,5,1978-10-01,136,10
gps 5118,5,1985-01-07,0,1
gps 5113,5,1985-10-21,59,10
gps 5118,5,1989-10-20,186,10
gps 5118,5,1989-10-14,212,10
gps 5118,5,1988-02-03,77,2
gps 5118,5,1989-12-01,253,12
goes 4,5,1982-03-25,219,3
gps 9794,5,1987-01-29,14,1
gps 5118,5,1986-07-23,14,7
meteosat 2,5,1984-10-22,13,10
gps 5113,5,1987-05-12,27,5
gps 9794,5,1986-06-19,0,6
marecs a,5,1982-02-05,309,2
marecs a,5,1982-01-27,168,1
gps 5118,5,1986-08-22,16,8
gps 5118,5,1986-08-27,12,8
gps 5114,5,1986-02-18,0,2
gps 5118,5,1986-05-29,22,5
gps 5113,5,1987-06-08,0,6
gps 5113,5,1987-10-08,57,10
goes 6,5,1988-03-04,92,3
gps 5118,5,1987-05-17,81,5
gps 9794,5,1987-04-11,93,4
gps 5118,5,1987-04-17,48,4
gps 5113,5,1987-12-24,14,12
goes 5,5,1983-03-30,72,3
gps 9794,5,1988-01-02,37,1
gps 9794,5,1987-12-03,17,12
meteosat 2,5,1986-09-19,0,9
goes 4,6,1982-04-25,208,4
gps 5118,6,1987-12-09,44,12
meteosat 2,6,1986-08-23,18,8
meteosat 2,6,1986-09-24,0,9
gps 5114,6,1986-06-21,0,6
gps 5114,6,1986-08-18,0,8
gps 5114,6,1987-09-29,32,9
gps 9794,6,1985-07-08,87,7
meteosat 2,6,1982-03-15,201,3
gps 5118,6,1989-10-08,221,10
meteosat 2,6,1982-03-21,220,3
gps 5114,6,1985-01-06,0,1
gps 5114,6,1985-06-06,43,6
gps 5114,6,1985-05-23,38,5
gps 5114,6,1988-01-16,99,1
gps 5118,6,1984-12-17,28,12
meteosat 1,6,1978-12-20,119,12
gps 5113,6,1986-02-24,10,2
gps 5113,6,1987-04-19,34,4
gps 5113,6,1987-10-02,26,10
gps 5113,6,1987-10-13,77,10
gps 5113,6,1987-10-19,86,10
goes 6,6,1991-06-05,238,6
gps 5118,6,1986-07-28,13,7
meteosat 1,6,1978-02-04,201,2
gps 5118,6,1985-06-14,42,6
meteosat 1,6,1978-03-22,119,3
gps 5113,6,1986-09-15,0,9
gps 5113,6,1986-09-09,13,9
gps 5113,6,1990-06-11,183,6
gps 5113,6,1990-02-25,322,2
gps 5113,6,1990-04-13,166,4
gps 9794,6,1986-09-15,0,9
gps 9794,6,1986-08-13,0,8
gps 5113,6,1987-09-25,15,9
gps 5113,6,1990-02-19,141,2
gps 5113,6,1988-01-05,38,1
gps 5118,6,1987-03-15,13,3
gps 5118,6,1987-05-24,45,5
goes 5,6,1981-09-12,202,9
gps 9794,6,1987-04-05,32,4
goes 5,6,1983-03-24,80,3
gps 5118,6,1987-06-19,14,6
gps 9794,6,1987-03-12,0,3
gps 5118,6,1986-08-16,12,8
gps 5113,7,1986-06-12,0,6
gps 5114,7,1989-10-06,252,10
gps 5118,7,1990-02-12,105,2
meteosat 1,7,1978-11-08,167,11
gps 9794,7,1985-01-30,0,1
gps 5114,7,1987-05-08,30,5
gps 5114,7,1988-02-10,43,2
gps 5118,7,1985-01-30,0,1
meteosat 1,7,1978-12-27,156,12
gps 5113,7,1990-07-05,272,7
gps 5118,7,1990-02-05,128,2
gps 5113,7,1987-04-30,35,4
gps 5118,7,1986-03-18,0,3
gps 5118,7,1986-06-03,0,6
marecs a,7,1986-03-27,10,3
marecs a,7,1986-04-03,12,4
gps 9794,7,1986-08-24,12,8
gps 5113,7,1987-04-09,80,4
gps 9794,7,1985-06-27,9,6
gps 5113,7,1987-05-18,64,5
gps 5118,7,1986-02-01,22,2
gps 5113,7,1990-06-27,204,6
gps 5113,7,1989-06-07,189,6
gps 5113,7,1988-01-11,90,1
gps 9794,7,1987-04-21,22,4
gps 5114,7,1985-06-28,9,6
gps 5114,7,1985-06-20,11,6
meteosat 2,7,1985-05-03,17,5
gps 5113,7,1985-01-23,42,1
noaa 11,7,1990-07-31,182,7
gps 5114,7,1987-05-15,46,5
gps 9794,7,1985-07-17,14,7
meteosat 2,7,1985-07-07,92,7
goes 4,7,1982-03-30,233,3
goes 5,7,1981-11-12,217,11
goes 6,7,1987-09-18,37,9
gps 9794,7,1986-09-28,0,9
gps 5113,7,1987-12-29,32,12
noaa 11,7,1989-03-07,127,3
meteosat 1,8,1978-09-05,251,9
gps 5113,8,1986-07-24,0,7
gps 5113,8,1987-03-13,0,3
gps 9794,8,1986-07-01,0,7
meteosat 1,8,1978-04-15,127,4
meteosat 1,8,1978-04-23,169,4
gps 5113,8,1986-11-16,12,11
gps 5113,8,1987-05-25,44,5
marecs a,8,1986-09-04,11,9
gps 9794,8,1986-08-05,15,8
gps 5113,8,1986-06-19,0,6
marecs a,8,1986-08-13,0,8
meteosat 2,8,1983-03-12,43,3
gps 5114,8,1985-02-07,9,2
meteosat 2,8,1984-07-26,37,7
gps 5114,8,1987-06-05,11,6
noaa 11,8,1989-09-19,194,9
goes 4,8,1982-09-30,225,9
noaa 11,8,1990-07-20,104,7
meteosat 2,8,1984-04-20,89,4
gps 5118,8,1987-01-02,14,1
goes 5,8,1984-07-22,33,7
gps 5118,8,1986-08-05,15,8
gps 5113,8,1988-01-24,53,1
goes 5,8,1984-07-01,49,7
gps 5113,8,1990-02-03,163,2
gps 5113,8,1990-02-11,99,2
meteosat 1,8,1978-08-12,101,8
gps 5114,8,1985-05-29,12,5
gps 5118,8,1985-01-12,14,1
marecs a,8,1986-10-27,74,10
gps 5114,9,1986-09-11,11,9
meteosat 1,9,1978-08-20,43,8
gps 5118,9,1985-06-20,11,6
meteosat 1,9,1978-10-21,204,10
meteosat 1,9,1978-10-30,181,10
gps 9794,9,1986-07-09,17,7
gps 5113,9,1987-03-24,22,3
gps 5113,9,1986-09-26,0,9
gps 9794,9,1989-06-02,215,6
gps 9794,9,1985-02-06,21,2
gps 5114,9,1989-09-27,129,9
gps 5113,9,1986-02-15,13,2
gps 5113,9,1985-07-12,59,7
goes 5,9,1982-02-05,309,2
gps 5113,9,1987-12-15,45,12
gps 5113,9,1989-05-14,174,5
gps 5113,9,1988-02-01,72,2
goes 5,9,1981-10-12,164,10
gps 5114,9,1987-04-24,41,4
meteosat 2,9,1984-07-17,31,7
gps 5114,9,1987-06-13,15,6
gps 5118,9,1987-05-31,14,5
goes 6,10,1987-09-25,15,9
gps 5113,10,1987-11-21,62,11
marecs a,10,1986-02-12,30,2
marecs a,10,1986-03-12,12,3
goes 6,10,1987-11-01,69,11
gps 5118,10,1985-01-20,59,1
meteosat 1,10,1978-11-15,84,11
gps 9794,10,1986-04-17,16,4
gps 5114,10,1986-11-14,12,11
gps 5114,10,1986-06-11,0,6
gps 5114,10,1986-04-03,12,4
meteosat 2,10,1982-06-05,165,6
gps 9794,10,1986-09-04,11,9
gps 5113,10,1986-12-25,8,12
marecs a,10,1986-10-05,27,10
meteosat 1,10,1978-05-14,105,5
meteosat 1,10,1978-06-25,191,6
gps 5113,10,1990-06-17,145,6
gps 5113,10,1990-04-03,153,4
meteosat 1,10,1978-05-26,125,5
meteosat 2,10,1984-03-22,122,3
goes 6,10,1987-09-02,47,9
gps 5118,10,1987-06-09,0,6
gps 5113,11,1990-01-18,227,1
gps 5113,11,1987-12-01,18,12
gps 5114,11,1985-07-31,52,7
gps 5114,11,1986-09-20,0,9
gps 5114,11,1987-12-21,15,12
gps 5118,11,1989-07-20,212,7
meteosat 2,11,1985-01-28,0,1
gps 5118,11,1987-11-22,86,11
gps 5118,11,1987-07-17,16,7
goes 5,11,1987-10-05,56,10
gps 9794,11,1987-06-07,0,6
goes 6,11,1986-09-27,0,9
gps 5118,11,1986-11-16,12,11
gps 5118,11,1986-03-25,9,3
gps 9794,11,1986-07-25,0,7
meteosat 1,11,1978-07-08,149,7
gps 9794,11,1988-01-26,53,1
goes 6,12,1984-07-07,95,7
meteosat 1,12,1978-04-03,101,4
goes 5,12,1983-04-15,72,4
goes 5,12,1982-02-14,200,2
marecs a,12,1989-03-17,218,3
goes 6,12,1993-07-24,92,7
gps 5113,12,1986-10-05,27,10
gps 5114,12,1985-02-16,13,2
gps 5113,12,1986-02-02,40,2
gps 5113,12,1985-07-27,16,7
gps 5114,12,1986-08-06,13,8
goes 4,12,1981-04-01,220,4
goes 5,12,1982-03-22,210,3
gps 9794,12,1987-11-21,62,11
gps 5113,13,1986-04-02,12,4
gps 5114,13,1986-03-21,12,3
gps 5114,13,1987-01-16,0,1
meteosat 2,13,1985-07-14,12,7
gps 5118,13,1984-12-25,24,12
gps 9794,13,1987-03-21,18,3
gps 5118,13,1985-02-15,14,2
meteosat 1,13,1978-03-04,139,3
meteosat 1,13,1978-09-14,160,9
goes 5,13,1981-08-29,296,8
gps 9794,13,1989-06-11,295,6
gps 5118,13,1988-01-18,81,1
goes 5,13,1984-07-09,94,7
gps 9794,13,1990-05-11,167,5
gps 5118,13,1990-03-13,113,3
gps 5113,13,1985-02-15,14,2
goes 4,13,1982-08-25,152,8
meteosat 2,13,1986-08-10,0,8
gps 5113,13,1989-05-23,254,5
gps 5113,13,1989-11-11,246,11
gps 5114,13,1986-12-17,8,12
meteosat 2,13,1985-09-02,0,9
meteosat 2,13,1984-10-08,13,10
meteosat 2,13,1983-02-06,102,2
meteosat 2,13,1984-04-07,65,4
gps 5113,13,1990-05-29,156,5
gps 5113,13,1985-04-14,13,4
gps 5114,14,1987-05-22,45,5
gps 5118,14,1989-09-24,96,9
meteosat 2,14,1983-09-17,49,9
meteosat 2,14,1985-07-27,16,7
gps 5113,14,1990-01-04,223,1
noaa 11,14,1989-09-05,270,9
marecs a,14,1986-07-30,19,7
marecs a,14,1989-03-03,134,3
gps 5118,14,1986-09-17,0,9
gps 9794,14,1987-10-22,52,10
gps 5114,15,1986-07-22,22,7
gps 5113,15,1986-08-03,15,8
gps 5113,15,1986-03-02,30,3
goes 4,15,1988-04-15,179,4
gps 9794,15,1985-08-20,9,8
meteosat 2,15,1982-03-27,262,3
meteosat 2,15,1985-08-16,13,8
gps 9794,15,1986-05-30,15,5
meteosat 2,15,1983-03-20,109,3
gps 5114,15,1988-01-01,56,1
gps 5113,15,1986-03-18,0,3
gps 9794,15,1987-01-13,0,1
meteosat 1,15,1978-10-06,105,10
gps 5118,15,1988-01-03,30,1
goes 6,15,1987-04-29,23,4
gps 5118,15,1986-10-24,86,10
goes 6,15,1985-09-10,0,9
gps 5114,16,1986-02-02,40,2
goes 4,16,1982-09-07,165,9
gps 9794,16,1987-04-30,35,4
gps 9794,16,1990-05-24,209,5
gps 5118,16,1989-06-05,248,6
gps 5113,16,1986-05-27,22,5
gps 5113,16,1989-11-24,220,11
gps 5113,16,1989-10-26,145,10
gps 9794,16,1987-11-05,58,11
gps 5118,16,1986-09-01,12,9
meteosat 2,16,1985-04-08,11,4
gps 5118,17,1987-10-05,56,10
gps 9794,17,1987-12-10,37,12
goes 5,17,1983-01-01,82,1
meteosat 1,17,1978-02-10,144,2
goes 6,17,1988-02-16,48,2
meteosat 2,17,1982-07-24,35,7
meteosat 2,17,1983-02-19,47,2
meteosat 2,17,1984-10-27,8,10
gps 5114,17,1986-12-30,0,12
gps 9794,17,1985-06-06,43,6
goes 4,17,1982-04-06,163,4
meteosat 2,17,1982-06-15,185,6
gps 9794,17,1985-01-13,17,1
gps 9794,17,1986-12-26,0,12
gps 5118,17,1985-06-29,11,6
goes 6,18,1988-04-01,136,4
meteosat 2,18,1986-10-04,27,10
gps 9794,18,1989-10-25,161,10
gps 5118,18,1990-06-01,140,6
gps 5118,18,1990-03-26,257,3
gps 5114,18,1986-08-24,12,8
meteosat 2,18,1986-09-01,12,9
gps 5113,18,1985-06-21,11,6
gps 5114,18,1986-04-13,16,4
gps 5118,18,1985-07-16,12,7
gps 5113,18,1989-07-13,165,7
gps 5118,18,1987-01-10,0,1
gps 9794,18,1987-05-20,55,5
gps 5114,19,1985-09-28,0,9
gps 5114,19,1987-11-02,70,11
meteosat 2,19,1982-09-03,206,9
gps 5114,19,1986-11-28,0,11
goes 5,19,1982-04-06,163,4
goes 6,19,1989-09-30,191,9
gps 5118,19,1987-12-15,45,12
gps 5114,19,1988-02-17,40,2
meteosat 2,19,1984-09-05,76,9
gps 5114,19,1988-01-22,79,1
gps 9794,19,1986-10-05,27,10
meteosat 1,19,1978-07-19,109,7
gps 9794,19,1988-01-07,69,1
gps 5118,20,1987-04-22,30,4
goes 5,20,1983-01-18,118,1
meteosat 1,20,1978-01-15,48,1
gps 5118,20,1987-03-21,18,3
gps 5118,20,1990-02-21,209,2
goes 5,20,1985-03-23,22,3
gps 5118,20,1986-10-01,14,10
gps 5113,20,1986-08-18,0,8
gps 5113,20,1990-03-14,123,3
meteosat 2,20,1982-09-30,225,9
meteosat 1,21,1977-12-14,52,12
gps 5118,21,1986-04-05,0,4
marecs a,21,1986-11-04,38,11
meteosat 2,21,1981-09-08,305,9
meteosat 2,21,1984-05-02,113,5
gps 5114,21,1987-10-10,53,10
goes 5,22,1981-09-18,213,9
gps 9794,22,1987-09-29,32,9
marecs a,22,1986-04-10,11,4
goes 6,22,1987-10-05,56,10
gps 5118,22,1987-06-25,41,6
goes 6,22,1993-02-22,140,2
goes 5,22,1981-10-21,193,10
meteosat 2,22,1984-06-24,82,6
meteosat 2,22,1982-07-02,54,7
gps 5113,22,1986-07-02,0,7
goes 4,22,1982-10-08,78,10
goes 5,23,1984-04-03,114,4
meteosat 2,23,1984-05-28,88,5
meteosat 2,23,1984-02-28,101,2
meteosat 2,23,1983-08-25,70,8
gps 5114,23,1984-12-12,33,12
goes 6,23,1988-03-09,59,3
goes 6,23,1989-08-05,312,8
marecs a,23,1986-07-04,14,7
gps 9794,24,1989-09-25,102,9
meteosat 2,24,1983-10-27,16,10
goes 4,24,1982-11-02,114,11
gps 5113,24,1987-01-05,10,1
meteosat 2,24,1982-08-10,233,8
goes 6,24,1989-01-21,149,1
gps 5118,24,1985-05-05,19,5
gps 9794,24,1990-04-17,269,4
goes 5,24,1982-02-26,192,2
gps 5118,25,1987-10-28,83,10
meteosat 2,25,1985-05-10,58,5
meteosat 1,25,1978-11-25,120,11
gps 5113,25,1989-12-10,189,12
gps 5113,25,1986-10-17,18,10
gps 5114,25,1986-06-27,0,6
meteosat 2,26,1983-04-04,72,4
meteosat 2,26,1982-02-17,169,2
meteosat 2,26,1983-10-01,38,10
gps 5114,26,1985-07-05,49,7
gps 5114,26,1986-02-23,12,2
gps 5113,26,1987-10-25,30,10
gps 5114,26,1985-01-12,14,1
gps 9794,27,1985-07-24,16,7
meteosat 2,27,1985-06-08,49,6
noaa 11,28,1989-03-16,242,3
gps 5113,28,1989-06-14,364,6
goes 5,28,1982-09-04,248,9
gps 5118,29,1989-06-21,271,6
gps 9794,29,1986-01-29,0,1
noaa 11,29,1989-08-07,295,8
gps 9794,30,1989-05-03,120,5
gps 5114,30,1987-11-21,62,11
gps 5113,31,1986-11-24,12,11
gps 5113,31,1984-12-14,32,12
goes 6,32,1989-08-29,96,8
goes 4,32,1981-12-30,146,12
gps 5118,32,1986-11-27,13,11
gps 5113,33,1989-09-17,202,9
meteosat 2,33,1983-01-04,86,1
gps 9794,33,1986-04-27,40,4
gps 5118,33,1986-04-26,52,4
meteosat 2,33,1984-08-03,26,8
meteosat 2,34,1984-11-16,13,11
goes 5,34,1985-09-10,0,9
gps 5113,35,1985-08-08,11,8
gps 5113,35,1990-04-24,212,4
gps 5114,36,1986-10-09,36,10
meteosat 2,36,1983-07-18,130,7
goes 5,36,1981-12-30,146,12
gps 5118,37,1989-10-25,161,10
goes 5,37,1981-11-23,88,11
gps 9794,37,1987-02-03,0,2
gps 5118,37,1986-02-09,56,2
goes 4,37,1981-11-23,88,11
gps 9794,38,1985-04-29,33,4
gps 5118,38,1986-06-15,0,6
gps 5118,38,1987-02-05,0,2
gps 5113,39,1987-02-02,0,2
meteosat 2,39,1984-12-20,13,12
noaa 11,39,1989-01-27,205,1
gps 5113,39,1985-09-12,0,9
goes 5,39,1982-07-27,29,7
gps 5114,40,1986-05-01,18,5
gps 9794,40,1989-08-16,243,8
goes 6,41,1987-05-14,15,5
goes 6,41,1986-08-17,11,8
goes 5,42,1983-02-08,90,2
gps 5113,42,1986-04-15,30,4
goes 6,43,1991-08-06,162,8
gps 5113,45,1984-10-30,12,10
gps 5113,45,1985-02-28,12,2
goes 4,45,1982-02-04,312,2
gps 5113,46,1989-08-02,269,8
gps 9794,46,1989-06-30,226,6
gps 5118,46,1984-10-28,0,10
gps 5113,47,1985-04-27,39,4
goes 6,47,1984-07-19,33,7
meteosat 2,47,1983-11-20,16,11
gps 9794,48,1986-02-28,12,2
gps 5114,48,1985-08-11,11,8
gps 5114,48,1984-10-25,10,10
gps 5118,49,1990-04-13,166,4
gps 5118,49,1990-06-19,115,6
goes 5,50,1983-04-27,171,4
goes 4,50,1982-11-26,95,11
goes 4,50,1981-04-26,130,4
goes 4,51,1981-10-03,291,10
meteosat 2,52,1982-04-14,190,4
meteosat 2,53,1984-01-06,38,1
gps 5118,53,1989-08-02,269,8
goes 6,53,1986-06-25,4,6
gps 9794,53,1990-06-09,126,6
noaa 11,55,1990-05-25,194,5
goes 5,55,1985-04-12,0,4
noaa 11,55,1989-06-13,367,6
meteosat 2,56,1981-09-29,280,9
goes 6,56,1991-06-11,331,6
gps 5114,56,1989-08-02,269,8
gps 5118,56,1985-08-03,25,8
gps 5114,57,1989-06-06,210,6
goes 6,57,1994-01-28,72,1
marecs a,58,1986-05-07,0,5
meteosat 2,59,1985-02-08,21,2
goes 6,59,1986-10-08,23,10
gps 5118,60,1989-12-06,235,12
gps 5118,61,1985-02-28,12,2
goes 6,61,1988-11-21,182,11
noaa 11,61,1989-04-13,117,4
gps 9794,62,1990-02-10,104,2
gps 9794,63,1986-10-24,86,10
gps 5118,66,1987-07-28,69,7
goes 5,66,1986-07-10,36,7
goes 5,66,1981-06-15,161,6
goes 5,66,1984-04-26,161,4
marecs a,69,1984-09-01,65,9
goes 6,70,1987-06-24,41,6
goes 5,70,1983-06-16,121,6
gps 9794,72,1985-02-15,14,2
goes 6,73,1991-03-24,214,3
gps 5114,75,1987-02-04,0,2
meteosat 2,76,1982-10-20,99,10
meteosat 2,79,1983-04-30,186,4
gps 5114,84,1985-02-28,12,2
meteosat 2,85,1981-11-24,80,11
goes 5,86,1982-10-07,77,10
gps 9794,87,1989-11-15,182,11
goes 5,89,1984-01-01,13,1
goes 6,89,1988-04-19,133,4
goes 5,90,1982-04-28,126,4
gps 5114,94,1987-06-26,44,6
gps 5113,95,1985-10-26,47,10
goes 5,96,1985-06-06,43,6
goes 6,97,1987-11-11,34,11
goes 6,100,1986-03-17,0,3
gps 9794,103,1987-06-18,26,6
gps 5113,104,1987-06-13,15,6
gps 5114,104,1985-10-17,22,10
goes 4,104,1988-04-30,58,4
noaa 11,106,1989-10-01,172,10
goes 5,107,1987-10-16,106,10
goes 4,110,1981-06-15,161,6
goes 4,116,1982-05-01,91,5
noaa 11,122,1988-09-27,187,9
gps 5118,122,1985-09-28,0,9
goes 6,125,1990-11-19,148,11
goes 6,127,1988-07-17,143,7
goes 5,128,1983-08-26,71,8
goes 4,128,1983-01-15,106,1
noaa 11,130,1990-01-15,201,1
goes 6,130,1993-03-16,82,3
goes 4,144,1983-05-23,136,5
goes 6,144,1986-12-06,0,12
gps 9794,146,1985-09-04,0,9
goes 5,158,1986-09-14,0,9
marecs a,159,1985-09-02,0,9
gps 5118,163,1988-02-08,52,2
goes 6,166,1985-03-28,35,3
goes 6,172,1989-02-14,263,2
goes 6,173,1985-09-25,0,9
goes 6,176,1993-08-05,40,8
marecs a,184,1984-03-01,103,3
goes 6,205,1984-09-04,84,9
meteosat 1,223,1977-05-04,33,5
goes 5,228,1987-02-19,0,2
goes 5,236,1984-07-30,24,7
goes 6,239,1992-06-28,65,6
goes 5,269,1985-10-14,15,10
goes 6,281,1991-09-18,136,9
marecs a,297,1984-11-09,15,11
gps 5118,320,1988-07-20,122,7
meteosat 2,327,1985-09-17,9,9
goes 4,346,1987-05-05,28,5
